{
  "name": "TRANSPLANT_LST_OTH",
  "description": "This table includes a list of other transplant facilities where the patient has been waitlisted.",
  "primaryKey": [
    {
      "columnName": "SUMMARY_BLOCK_ID",
      "ordinalPosition": 1
    },
    {
      "columnName": "LINE",
      "ordinalPosition": 2
    }
  ],
  "columns": [
    {
      "ordinalPosition": 1,
      "name": "SUMMARY_BLOCK_ID",
      "type": "NUMERIC",
      "discontinued": false,
      "description": "The unique identifier for the summary block record."
    },
    {
      "ordinalPosition": 2,
      "name": "LINE",
      "type": "INTEGER",
      "discontinued": false,
      "description": "The line number for the information associated with this record. Multiple pieces of information can be associated with this record."
    },
    {
      "ordinalPosition": 3,
      "name": "LISTED_ELSEWHERE_C_NAME",
      "type": "VARCHAR",
      "discontinued": false,
      "description": "List of other facilities where the patient has been waitlisted.",
      "entries": [
        "Univ of South Alabama Med Ctr (Mobile, AL)",
        "Baptist Med Ctr Princeton (Birmingham, AL)",
        "Children's of Alabama (Birmingham, AL)",
        "University of Alabama Hospital (Birmingham, AL)",
        "Baptist Medical Center (Little Rock, AR)",
        "Arkansas Children's Hospital (Little Rock, AR)",
        "John L. McClellan VA Hospital (Little Rock, AR)",
        "UAMS Medical Center (Little Rock, AR)",
        "Phoenix Children's Hospital (Phoenix, AZ)",
        "Banner-University Medical Center Phoenix (Phoenix, AZ)",
        "Phoenix Regional Medical Center (Phoenix, AZ)",
        "Mayo Clinic Hospital Arizona (Phoenix, AZ)",
        "St. Joseph's Hospital and Medical Center (Phoenix, AZ)",
        "Scottsdale Healthcare Osborn (Scottsdale, AZ)",
        "Veterans Admin Med Ctr Tucson (Tucson, AZ)",
        "Banner University Medical Center-Tucson (Tucson, AZ)",
        "St Bernardine Med Center (San Bernardino, CA)",
        "Alta Bates Med Ctr (Berkeley, CA)",
        "Summit Med Ctr (Oakland, CA)",
        "Rady Children's Hospital and Health Center (San Diego, CA)",
        "Children's Hospital Los Angeles (Los Angeles, CA)",
        "Cedars-Sinai Medical Center (Los Angeles, CA)",
        "El Camino Hosp (Mountain View, CA)",
        "Eisenhower Mem Hosp (Rancho Mirage, CA)",
        "Scripps Green Hospital (La Jolla, CA)",
        "City of Hope National Medical Center (Duarte, CA)",
        "University of California Irvine Medical Center (Orange, CA)",
        "Kaiser Permanente Hospital (Los Angeles, CA)",
        "Kaiser Permanente Hosp Oakland (Oakland, CA)",
        "Kaiser Permanente-San Fran. Med. Ctr (San Francisco, CA)",
        "Harbor UCLA Medical Center (Torrance, CA)",
        "St. Mary Medical Center (Long Beach, CA)",
        "Loma Linda University Medical Center (Loma Linda, CA)",
        "Mercy Hosp and Med Ctr (San Diego, CA)",
        "Santa Rosa Memorial Hosp (Santa Rosa, CA)",
        "Lucile Salter Packard Children's Hospital at Stanford (Palo Alto, CA)",
        "California Pacific Medical Center-Van Ness Campus (San Francisco, CA)",
        "Riverside Community Hospital (Riverside, CA)",
        "Hoag Mem Hosp Presbyterian (Newport Beach, CA)",
        "Arrowhead Reg. Med. Ctr. (Colton, CA)",
        "Univ of Southern CA Med Ctr (Los Angeles, CA)",
        "University of California San Diego Medical Center (La Jolla, CA)",
        "University of California San Francisco Medical Center (San Francisco, CA)",
        "Sutter Medical Center Sacramento (Sacramento, CA)",
        "Sharp Memorial Hospital (San Diego, CA)",
        "Saint Joseph Hospital (Orange, CA)",
        "University of California Davis Medical Center (Sacramento, CA)",
        "Stanford Health Care (Stanford, CA)",
        "St. Vincent Medical Center (Los Angeles, CA)",
        "University of California at Los Angeles Medical Center (Los Angeles, CA)",
        "Keck Hospital of USC (Los Angeles, CA)",
        "Western Medical Center (Santa Ana, CA)",
        "Children's Hospital Colorado (Aurora, CO)",
        "Memorial Hosp (Colorado Springs, CO)",
        "Centura Transplant (Denver, CO)",
        "Poudre Valley Hosp (Fort Collins, CO)",
        "Presbyterian/St Luke's Medical Center (Denver, CO)",
        "University of Colorado Hospital/Health Science Center (Aurora, CO)",
        "Hartford Hospital (Hartford, CT)",
        "Yale New Haven Hospital (New Haven, CT)",
        "Children's National Medical Center (Washington, DC)",
        "Medstar Georgetown Transplant Institute (Washington, DC)",
        "George Washington University Hospital (Washington, DC)",
        "Howard University Hospital (Washington, DC)",
        "Providence Hosp (Washington, DC)",
        "Washington Hospital Center (Washington, DC)",
        "Walter Reed National Military Medical Center at Bethesda (Bethesda, MD)",
        "Alfred I duPont Hospital for Children (Wilmington, DE)",
        "Christiana Care Health Services (Newark, DE)",
        "Johns Hopkins All Children's Hospital (St. Petersburg, FL)",
        "Broward Health Medical Center (Fort Lauderdale, FL)",
        "Bert Fish Med Ctr (New Smyrna Beach, FL)",
        "Cleveland Clinic Florida Weston (Weston, FL)",
        "AdventHealth Orlando (Orlando, FL)",
        "Gulf Coast Medical Center (Ft Myers, FL)",
        "Jackson Memorial Hospital University of Miami School of Medicine (Miami, FL)",
        "Shands Jacksonville (Jacksonville, FL)",
        "Miami Children's Hosp (Miami, FL)",
        "St Joseph's Hosp (Tampa, FL)",
        "Mayo Clinic Hospital Florida (Jacksonville, FL)",
        "Tampa General Hospital (Tampa, FL)",
        "Tallahassee Memorial Hospital (Tallahassee, FL)",
        "UF Health Shands Hospital (Gainesville, FL)",
        "University Medical Center (Jacksonville, FL)",
        "Children's Healthcare of Atlanta at Egleston (Atlanta, GA)",
        "Emory University Hospital (Atlanta, GA)",
        "Grady Memorial Hospital (Atlanta, GA)",
        "AU Medical Center, Inc. (Augusta, GA)",
        "Piedmont Hospital (Atlanta, GA)",
        "Saint Joseph's Hospital of Atlanta (Atlanta, GA)",
        "University Hospital (Augusta, GA)",
        "Hawaii Medical Center East (Honolulu, HI)",
        "Iowa Methodist Medical Center (Des Moines, IA)",
        "The Iowa City VA Health Care System (Iowa City, IA)",
        "University of Iowa Hospitals and Clinics Transplant Programs (Iowa City, IA)",
        "Mercy Medical Center-Des Moines (Des Moines, IA)",
        "Advocate Christ Medical Center (Oak Lawn, IL)",
        "Ann & Robert H. Lurie Children's Hospital of Chicago (Chicago, IL)",
        "Evanston Hospital (Evanston, IL)",
        "Edward Hines Jr. Veterans Administration Medical Center (Hines, IL)",
        "Loyola University Medical Center (Maywood, IL)",
        "Springfield Memorial Hospital (Springfield, IL)",
        "Northwestern Memorial Hospital (Chicago, IL)",
        "Rush University Medical Center (Chicago, IL)",
        "OSF Saint Francis Medical Center (Peoria, IL)",
        "St. Johns Hospital (Springfield, IL)",
        "University of Chicago Medical Center (Chicago, IL)",
        "University of Illinois Medical Center (Chicago, IL)",
        "Indiana University Health (Indianapolis, IN)",
        "Indiana University Med Ctr (Indianapolis, IN)",
        "Lutheran Hospital of Fort Wayne (Ft Wayne, IN)",
        "Ascension St. Vincent Hospital (Indianapolis, IN)",
        "St. Francis Hospital and Medical Center (Topeka, KS)",
        "Via Christi Hospitals Wichita, Inc. (Wichita, KS)",
        "Kansas Heart Hospital (Wichita, KS)",
        "University of Kansas Hospital (Kansas City, KS)",
        "Columbia Audubon Hosp (Louisville, KY)",
        "Jewish Hospital (Louisville, KY)",
        "Norton Children's Hospital (Louisville, KY)",
        "University of Kentucky Medical Center (Lexington, KY)",
        "Children's Hospital (New Orleans, LA)",
        "Lakeview Hospital (Covington, LA)",
        "University Medical Center (Lafayette, LA)",
        "University Hospital (New Orleans, LA)",
        "Ochsner Foundation Hospital (New Orleans, LA)",
        "Memorial Med Ctr (New Orleans, LA)",
        "Schumpert Health System (Shreveport, LA)",
        "Louisiana State Univ Med Ctr (Shreveport, LA)",
        "Tulane Medical Center (New Orleans, LA)",
        "Willis-Knighton Medical Center (Shreveport, LA)",
        "Beth Israel Deaconess Medical Center (Boston, MA)",
        "Baystate Medical Center (Springfield, MA)",
        "Boston Medical Center (Boston, MA)",
        "Boston VA Med Ctr (Boston, MA)",
        "Boston Children's Hospital (Boston, MA)",
        "Lahey Clinic Medical Center (Burlington, MA)",
        "Massachusetts General Hospital (Boston, MA)",
        "Tufts Medical Center (Boston, MA)",
        "Brigham and Women's Hospital (Boston, MA)",
        "UMass Memorial Medical Center (Worcester, MA)",
        "Johns Hopkins Bayview Med Ctr (Baltimore, MD)",
        "Johns Hopkins Hospital (Baltimore, MD)",
        "Warren Grant Magnuson Clinical Ctr (Bethesda, MD)",
        "Shady Grove Adventist Hosp (Rockville, MD)",
        "University of Maryland Medical System (Baltimore, MD)",
        "Washington Adventist Hosp (Takoma Park, MD)",
        "Maine Medical Center (Portland, ME)",
        "William Beaumont Hospital (Royal Oak, MI)",
        "Children's Hospital of Michigan (Detroit, MI)",
        "Helen DeVos Children's Hospital (Grand Rapids, MI)",
        "Henry Ford Hospital (Detroit, MI)",
        "Harper University Hospital Detroit Medical Center (Detroit, MI)",
        "Hurley Medical Center (Flint, MI)",
        "Borgess Med Ctr (Kalamazoo, MI)",
        "Grace Hosp (Detroit, MI)",
        "Ascension St. John Hospital (Detroit, MI)",
        "Mercy Health Saint Mary's (Grand Rapids, MI)",
        "University of Michigan Medical Center (Ann Arbor, MI)",
        "Abbott Northwestern Hospital (Minneapolis, MN)",
        "Children's Minnesota (Minneapolis, MN)",
        "Hennepin County Medical Center (Minneapolis, MN)",
        "Mayo Clinic Hospital Minnesota (Rochester, MN)",
        "Metropolitan Mt Sinai Med Ctr (Minneapolis, MN)",
        "Veterans Administration Medical Center (Minneapolis, MN)",
        "Saint Marys Hospital (Mayo Clinic) (Rochester, MN)",
        "University of Minnesota Medical Center, Fairview (Minneapolis, MN)",
        "Barnes-Jewish Hospital (St. Louis, MO)",
        "Cardinal Glennon Children's Hospital (St. Louis, MO)",
        "St. Louis Children's Hospital at Washington University Medical Center (St Louis, MO)",
        "Children's Mercy Hospital (Kansas City, MO)",
        "John Cochran VA Hosp (St Louis, MO)",
        "DePaul Health Ctr (Bridgeton, MO)",
        "St Johns Mercy Med Ctr (St Louis, MO)",
        "St Luke's Hospital of Kansas City (Kansas City, MO)",
        "Menorah Med Ctr (Kansas City, MO)",
        "Research Medical Center (Kansas City, MO)",
        "St Johns Reg Med Ctr (Joplin, MO)",
        "SSM Health Saint Louis University Hospital (St Louis, MO)",
        "University of Missouri Hospital and Clinics (Columbia, MO)",
        "University of Mississippi Medical Center (Jackson, MS)",
        "Wake Forest Baptist Medical Center (Winston Salem, NC)",
        "Carolinas Medical Center (Charlotte, NC)",
        "Duke University Hospital (Durham, NC)",
        "Durham VA Medical Center (Durham, NC)",
        "Vidant Medical Center (Greenville, NC)",
        "University of North Carolina Hospitals (Chapel Hill, NC)",
        "Dakota Heartland Health System (Fargo, ND)",
        "Sanford Bismarck Medical Center (Bismarck, ND)",
        "Sanford Medical Center Fargo (Fargo, ND)",
        "BryanLGH Medical Center East (Lincoln, NE)",
        "Nebraska Health System (Omaha, NE)",
        "St Joseph Hosp (Omaha, NE)",
        "The Nebraska Medical Center (Omaha, NE)",
        "Mary Hitchcock Memorial Hospital (Lebanon, NH)",
        "Newark Beth Israel Medical Center (Newark, NJ)",
        "Hackensack University Medical Center (Hackensack, NJ)",
        "Virtua Our Lady of Lourdes Hospital (Camden, NJ)",
        "Robert Wood Johnson University Hospital (New Brunswick, NJ)",
        "Saint Barnabas Medical Center (Livingston, NJ)",
        "University Hospital (Newark, NJ)",
        "University Hospital, University of New Mexico Health Sciences Center (Albuquerque, NM)",
        "Presbyterian Hospital (Albuquerque, NM)",
        "Sunrise Hosp and Medical Center (Las Vegas, NV)",
        "University Medical Center of Southern Nevada (Las Vegas, NV)",
        "Albany Medical Center Hospital (Albany, NY)",
        "Children's Hosp of Buffalo (Buffalo, NY)",
        "Buffalo VA Medical Center (Buffalo, NY)",
        "Buffalo General Hosp/Children's Hosp (Buffalo, NY)",
        "NY Presbyterian Hospital/Columbia Univ. Medical Center (New York, NY)",
        "State University of New York, Downstate Medical Center (Brooklyn, NY)",
        "Erie County Medical Center (Buffalo, NY)",
        "Strong Memorial Hospital, University of Rochester Medical Center (Rochester, NY)",
        "Montefiore Medical Center (Bronx, NY)",
        "Mount Sinai Medical Center (New York, NY)",
        "North Shore University Hospital/Northwell Health (Manhasset, NY)",
        "New York-Presbyterian Hospital/Weill Cornell Medical Center (New York, NY)",
        "University Hospital of State University of New York at Stony Brook (Stony Brook, NY)",
        "St. Luke's Roosevelt Hospital Center (New York, NY)",
        "NYU Langone Health (New York, NY)",
        "State University of New York Upstate Medical University (Syracuse, NY)",
        "Westchester Medical Center (Valhalla, NY)",
        "Akron City Hospital (Akron, OH)",
        "Children's Hosp Med Ctr of Akron (Akron, OH)",
        "The Cleveland Clinic Foundation (Cleveland, OH)",
        "Nationwide Children's Hospital (Columbus, OH)",
        "Children's Hospital Medical Center (Cincinnati, OH)",
        "University of Toledo Medical Center (Toledo, OH)",
        "Miami Valley Hospital (Dayton, OH)",
        "Ohio State University Medical Center (Columbus, OH)",
        "St Elizabeth Health Ctr (Youngstown, OH)",
        "The Christ Hospital (Cincinnati, OH)",
        "University of Cincinnati Medical Center (Cincinnati, OH)",
        "University Hospitals of Cleveland (Cleveland, OH)",
        "Integris Baptist Medical Center (Oklahoma City, OK)",
        "Children's Hospital of Oklahoma (Oklahoma City, OK)",
        "Hillcrest Med Ctr (Tulsa, OK)",
        "OU Medical Center (Oklahoma City, OK)",
        "St. Anthony Hospital (Oklahoma City, OK)",
        "Saint Francis Hospital (Tulsa, OK)",
        "St John Medical Center (Tulsa, OK)",
        "Legacy Good Samaritan Hospital and Medical Center (Portland, OR)",
        "Providence Portland Medical Center (Portland, OR)",
        "Providence St. Vincent Medical Center (Portland, OR)",
        "Portland Veterans Administration Medical Center (Portland, OR)",
        "Oregon Health and Science University (Portland, OR)",
        "Albert Einstein Medical Center (Philadelphia, PA)",
        "Allegheny General Hospital (Pittsburgh, PA)",
        "UPMC Children's Hospital of Pittsburgh (Pittsburgh, PA)",
        "Children's Hospital of Philadelphia (Philadelphia, PA)",
        "Geisinger Medical Center (Danville, PA)",
        "Penn State Milton S Hershey Medical Center (Hershey, PA)",
        "Pinnacle Health System at Harrisburg Hospital (Harrisburg, PA)",
        "Hahnemann University Hospital (Philadelphia, PA)",
        "The Lankenau Hospital (Wynnewood, PA)",
        "Lehigh Valley Hospital (Allentown, PA)",
        "Oakland VA Medical Center (Pittsburgh, PA)",
        "University of Pittsburgh Medical Center (Pittsburgh, PA)",
        "St. Christopher's Hospital for Children (Philadelphia, PA)",
        "Thomas Jefferson University Hospital (Philadelphia, PA)",
        "Temple University Hospital (Philadelphia, PA)",
        "Hospital of the University of Pennsylvania (Philadelphia, PA)",
        "VA Pittsburgh Healthcare System (Pittsburgh, PA)",
        "Geisinger Wyoming Valley Medical Ctr (Wilkes-Barre, PA)",
        "Cardiovascular Center of Puerto Rico and the Caribbean (San Juan, PR)",
        "Auxilio Mutuo Hospital (Hato Rey, PR)",
        "Rhode Island Hospital (Providence, RI)",
        "Medical University of South Carolina (Charleston, SC)",
        "Providence Hosp (Columbia, SC)",
        "Richland Memorial Hosp (Columbia, SC)",
        "Avera McKennan Hospital (Sioux Falls, SD)",
        "Baptist Memorial Hospital (Memphis, TN)",
        "Erlanger Medical Center (Chattanooga, TN)",
        "Johnson City Med Ctr Hosp (Johnson City, TN)",
        "Le Bonheur Children's Medical Center (Memphis, TN)",
        "Methodist University Hospital (Memphis, TN)",
        "Centennial Medical Center (Nashville, TN)",
        "Saint Thomas Hospital (Nashville, TN)",
        "University of Tennessee Medical Center at Knoxville (Knoxville, TN)",
        "Univ of Tennessee Med Center (Memphis, TN)",
        "Vanderbilt University Medical Center (Nashville, TN)",
        "Nashville Veterans Administration Hospital (Nashville, TN)",
        "Brackenridge Hosp (Austin, TX)",
        "Baylor Scott and White All Saints Medical Center-Fort Worth (Fort Worth, TX)",
        "Brooke Army Med Ctr (Fort Sam Houston, TX)",
        "University Hospital, University of Texas Health Science Center (San Antonio, TX)",
        "Cook Children's Medical Center (Fort Worth, TX)",
        "Methodist Children's Hosp of S. Texas (San Antonio, TX)",
        "Children's Medical Center of Dallas (Dallas, TX)",
        "Seton Medical Center Austin (Austin, TX)",
        "North Austin Medical Center (Austin, TX)",
        "Texas Health Harris Methodist Fort Worth Hospital (Fort Worth, TX)",
        "Baylor Med Ctr Grapevine (Grapevine, TX)",
        "Medical City Dallas Hospital (Dallas, TX)",
        "Memorial Hermann Hospital, University of Texas at Houston (Houston, TX)",
        "CHI St. Luke's Health Baylor College of Medicine Medical Center (Houston, TX)",
        "Methodist Specialty and Transplant Hospital (San Antonio, TX)",
        "University of Texas Medical Branch at Galveston (Galveston, TX)",
        "University Medical Center (Lubbock, TX)",
        "Covenant Medical Center (Lubbock, TX)",
        "Methodist Dallas Medical Center (Dallas, TX)",
        "Houston Methodist Hospital (Houston, TX)",
        "Medical City Fort Worth (Fort Worth, TX)",
        "Parkland Health and Hospital System (Dallas, TX)",
        "Christus Santa Rosa Hospital Medical Center (San Antonio, TX)",
        "Sierra Medical Ctr (El Paso, TX)",
        "UT Southwestern Medical Center/William P. Clements Jr. University Hospital (Dallas, TX)",
        "Scott and White Memorial Hospital (Temple, TX)",
        "Texas Children's Hospital (Houston, TX)",
        "Baylor University Medical Center (Dallas, TX)",
        "East Texas Medical Center (Tyler, TX)",
        "Wilford Hall Medical Center (Lackland AFB, TX)",
        "Zale-Lipshv University Hospital (Dallas, TX)",
        "Unknown Hospital",
        "Intermountain Medical Center (Murray, UT)",
        "Salt Lake City VA Medical Center (Salt Lake City, UT)",
        "University of Utah Medical Center (Salt Lake City, UT)",
        "Primary Children's Hospital (Salt Lake City, UT)",
        "Children's Hospital of the King's Daughters (Norfolk, VA)",
        "Inova Fairfax Hospital (Falls Church, VA)",
        "Henrico Doctors' Hospital (Richmond, VA)",
        "VCU Health System Authority, VCUMC (Richmond, VA)",
        "Hunter Holmes McGuire Veterans Administration Medical Center (Richmond, VA)",
        "Sentara Norfolk General Hospital (Norfolk, VA)",
        "Carilion Roanoke Memorial Hospital (Roanoke, VA)",
        "University of Virginia Health Sciences Center (Charlottesville, VA)",
        "The University of Vermont Medical Center (Burlington, VT)",
        "Seattle Children's Hospital (Seattle, WA)",
        "Providence Sacred Heart Medical Center & Children's Hospital (Spokane, WA)",
        "Swedish Medical Center (Seattle, WA)",
        "University of Washington Medical Center (Seattle, WA)",
        "Virginia Mason Medical Center (Seattle, WA)",
        "Children's Hospital of Wisconsin (Milwaukee, WI)",
        "John L Doyne Hospital (Milwaukee, WI)",
        "Zablocki VA Medical Center (Milwaukee, WI)",
        "Froedtert Memorial Lutheran Hospital (Milwaukee, WI)",
        "Aurora St. Luke's Medical Center (Milwaukee, WI)",
        "University of Wisconsin Hospital and Clinics (Madison, WI)",
        "Charleston Area Medical Center (Charleston, WV)",
        "West Virginia University Hospitals Inc. (Morgantown, WV)",
        "Foreign Transplant",
        "Other Domestic Hospital",
        "The Queen's Medical Center (Honolulu, HI)",
        "Crozer-Chester Medical Center (Upland, PA)",
        "Halifax Health (Daytona Beach, FL)",
        "Memorial Regional Hospital/Joe DiMaggio Children's Hospital (Hollywood, FL)",
        "Spectrum Health (Grand Rapids, MI)",
        "Sanford Health/USD Medical Center (Sioux Falls, SD)",
        "Driscoll Children's Hospital (Corpus Christi, TX)",
        "Las Palmas Medical Center (El Paso, TX)",
        "McAllen Medical Center (McAllen, TX)",
        "Michael E. DeBakey VA Medical Center (Houston, TX)",
        "Birmingham VA Medical Center (Birmingham, AL)",
        "Univ of MN Amplatz Children's Hosp (Minneapolis, MN)",
        "Children's Hospital & Medical Center (Omaha, NE)",
        "Memorial Regional Hospital (Hollywood, FL)",
        "UPMC Hamot (Erie, PA)",
        "UCSF Medical Center at Mission Bay (San Francisco, CA)",
        "Largo Medical Center (Largo, FL)",
        "Ascension Sacred Heart Pensacola (Pensacola, FL)",
        "James J. Peters VA Medical Center (Bronx, NY)",
        "Long Island Jewish Medical Center-Cohen Children's Medical Center (Queens, NY)",
        "VA Portland Health Care System (Portland, OR)",
        "MUSC Children's Hospital (Charleston, SC)",
        "Doctor's Hospital at Renaissance (Edinburg, TX)",
        "University Children�s Health (San Antonio, TX)",
        "Reading Hospital (Reading, PA)",
        "Dell Children's Medical Center (Austin, TX)",
        "Prisma Health Greenville Memorial Hospital (Greenville, SC)",
        "Dell Seton Medical Center at The University of Texas at Austin (Austin, TX)",
        "MUSC Lancaster (Lancaster, SC)"
      ]
    },
    {
      "ordinalPosition": 4,
      "name": "LISTED_ELSEWHERE_DT",
      "type": "DATETIME",
      "discontinued": false,
      "description": "Dual listing date at other transplant facility."
    }
  ]
}
